item_title,item_price,item_url,added_on,updated_on,updated_at
"Mod Podge ® Wash Out for Kids Gloss, Flip-Top 8 oz. - CS11534",5.4,https://plaidonline.com/shop-products/mod-podge-wash-out-for-kids-gloss-flip-top-8-oz-cs11534,2022-11-09 23:25:36.329592+00:00,,2022-11-09 23:26:30.936593+00:00
"FolkArt Home Decor Chalk - Fiddlehead Fern, 8 oz. - 11960",5.0,https://plaidonline.com/shop-products/folkart-home-decor-chalk-fiddlehead-fern-8-oz-11960,2022-11-09 23:25:36.329592+00:00,,2022-11-09 23:26:30.936593+00:00
FolkArt ® Outdoor™ Acrylic Colors Paint Set 6 Color - Basics - 7537,9.3,https://plaidonline.com/shop-products/folkart-outdoor-acrylic-colors-paint-set-6-color-basics-7537,2022-11-09 23:25:36.329592+00:00,,2022-11-09 23:26:30.936593+00:00
"FolkArt ® Glitterific™ Icons Acrylic Paint - Flowers and Butterflies, 2...",3.1,https://plaidonline.com/shop-products/folkart-glitterific-icons-acrylic-paint-flowers-and-butterflies-2-oz-7164,2022-11-09 23:25:36.329592+00:00,,
"FolkArt ® Glitterific™ Polka Dot Acrylic Paint - Pinky Pie, 2 oz. - 7160",3.1,https://plaidonline.com/shop-products/folkart-glitterific-polka-dot-acrylic-paint-pinky-pie-2-oz-7160,2022-11-09 23:25:36.329592+00:00,,
"FolkArt ® Glitterific™ Polka Dot Acrylic Paint - Mermaid Tail, 2 oz. - 7159",3.1,https://plaidonline.com/shop-products/folkart-glitterific-polka-dot-acrylic-paint-mermaid-tail-2-oz-7159,2022-11-09 23:25:36.329592+00:00,,
"PlaidFX Mutant Shift Flexible Acrylic Paint - Fireball, 3 oz. - 36918",4.1,https://plaidonline.com/shop-products/plaidfx-mutant-shift-flexible-acrylic-paint-fireball-3-oz-36918,2022-11-09 23:25:36.329592+00:00,,
"PlaidFX Mutant Shift Flexible Acrylic Paint - Infrared, 3 oz. - 36916",4.1,https://plaidonline.com/shop-products/plaidfx-mutant-shift-flexible-acrylic-paint-infrared-3-oz-36916,2022-11-09 23:25:36.329592+00:00,,
"PlaidFX Mutant Shift Flexible Acrylic Paint - Shockwave, 3 oz. - 36915",4.1,https://plaidonline.com/shop-products/plaidfx-mutant-shift-flexible-acrylic-paint-shockwave-3-oz-36915,2022-11-09 23:25:36.329592+00:00,,
"PlaidFX Mutant Shift Flexible Acrylic Paint - Gamma Ray, 3 oz. - 36914",4.1,https://plaidonline.com/shop-products/plaidfx-mutant-shift-flexible-acrylic-paint-gamma-ray-3-oz-36914,2022-11-09 23:25:36.329592+00:00,,
FolkArt ® Treasure Gold™- Blue Quartz 2 oz. - 3086,4.9,https://plaidonline.com/shop-products/folkart-treasure-gold-blue-quartz-2-oz-3086,2022-11-09 23:25:36.329592+00:00,,
"PlaidFX Hi-Voltage Glitter Flexible Acrylic Paint - Bronze Shift, 3 oz. - 36904",4.1,https://plaidonline.com/shop-products/plaidfx-hi-voltage-glitter-flexible-acrylic-paint-bronze-shift-3-oz-36904,2022-11-09 23:25:36.329592+00:00,,
"PlaidFX Hi-Voltage Glitter Flexible Acrylic Paint - Iridescent, 3 oz. - 36902",4.1,https://plaidonline.com/shop-products/plaidfx-hi-voltage-glitter-flexible-acrylic-paint-iridescent-3-oz-36902,2022-11-09 23:25:36.329592+00:00,,
"PlaidFX Hi-Voltage Glitter Flexible Acrylic Paint - Gold, 3 oz. - 36900",4.1,https://plaidonline.com/shop-products/plaidfx-hi-voltage-glitter-flexible-acrylic-paint-gold-3-oz-36900,2022-11-09 23:25:36.329592+00:00,,
"PlaidFX Armour Metal Flexible Acrylic Paint - Bronzed, 3 oz. - 36888",3.5,https://plaidonline.com/shop-products/plaidfx-armour-metal-flexible-acrylic-paint-bronzed-3-oz-36888,2022-11-09 23:25:36.329592+00:00,,
"PlaidFX Nuclear Neon Flexible Acrylic Paint - Nitro Blue, 3 oz. - 36880",3.5,https://plaidonline.com/shop-products/plaidfx-nuclear-neon-flexible-acrylic-paint-nitro-blue-3-oz-36880,2022-11-09 23:25:36.329592+00:00,,
"PlaidFX Nuclear Neon Flexible Acrylic Paint - Shocker, 3 oz. - 36879",3.5,https://plaidonline.com/shop-products/plaidfx-nuclear-neon-flexible-acrylic-paint-shocker-3-oz-36879,2022-11-09 23:25:36.329592+00:00,,
"PlaidFX Smooth Satin Flexible Acrylic Paint - Doomsday, 3 oz. - 36872",2.9,https://plaidonline.com/shop-products/plaidfx-smooth-satin-flexible-acrylic-paint-doomsday-3-oz-36872,2022-11-09 23:25:36.329592+00:00,,
"PlaidFX Smooth Satin Flexible Acrylic Paint - Malevolent, 3 oz. - 36866",2.9,https://plaidonline.com/shop-products/plaidfx-smooth-satin-flexible-acrylic-paint-malevolent-3-oz-36866,2022-11-09 23:25:36.329592+00:00,,
"PlaidFX Smooth Satin Flexible Acrylic Paint - Commander Navy, 3 oz. - 36863",2.9,https://plaidonline.com/shop-products/plaidfx-smooth-satin-flexible-acrylic-paint-commander-navy-3-oz-36863,2022-11-09 23:25:36.329592+00:00,,
"PlaidFX Smooth Satin Flexible Acrylic Paint - Aquarius, 3 oz. - 36859",2.9,https://plaidonline.com/shop-products/plaidfx-smooth-satin-flexible-acrylic-paint-aquarius-3-oz-36859,2022-11-09 23:25:36.329592+00:00,,
"PlaidFX Smooth Satin Flexible Acrylic Paint - Green Empire, 3 oz. - 36856",2.9,https://plaidonline.com/shop-products/plaidfx-smooth-satin-flexible-acrylic-paint-green-empire-3-oz-36856,2022-11-09 23:25:36.329592+00:00,,
"PlaidFX Smooth Satin Flexible Acrylic Paint - Smashing, 3 oz. - 36855",2.9,https://plaidonline.com/shop-products/plaidfx-smooth-satin-flexible-acrylic-paint-smashing-3-oz-36855,2022-11-09 23:25:36.329592+00:00,,
"PlaidFX Smooth Satin Flexible Acrylic Paint - Orbital Orange, 3 oz. - 36844",2.9,https://plaidonline.com/shop-products/plaidfx-smooth-satin-flexible-acrylic-paint-orbital-orange-3-oz-36844,2022-11-09 23:25:36.329592+00:00,,
"PlaidFX Smooth Satin Flexible Acrylic Paint - Enchanted, 3 oz. - 36839",2.9,https://plaidonline.com/shop-products/plaidfx-smooth-satin-flexible-acrylic-paint-enchanted-3-oz-36839,2022-11-09 23:25:36.329592+00:00,,
FolkArt ® Glitterific™ Icons Acrylic Paint Set 4 Color - 7504,12.45,https://plaidonline.com/shop-products/folkart-glitterific-icons-acrylic-paint-set-4-color-7504,2022-11-09 23:25:36.329592+00:00,,
"Plaid ® Accessories - Clock Numbers - Gold, 5/8"", 15 pc. - 96408E",1.3,https://plaidonline.com/shop-products/plaid-accessories-clock-numbers-gold-5-8-15-pc-96408e,2022-11-09 23:25:36.329592+00:00,,
"Plaid ® Accessories - Clock Face - Gold, 4-1/2"" - 96392E",1.9,https://plaidonline.com/shop-products/plaid-accessories-clock-face-gold-4-1-2-96392e,2022-11-09 23:25:36.329592+00:00,,
"FolkArt ® Pure™ Artist Pigment - Burnt Umber, 2 oz. - 7244",2.45,https://plaidonline.com/shop-products/folkart-pure-artist-pigment-burnt-umber-2-oz-7244,2022-11-09 23:25:36.329592+00:00,,
"FolkArt ® Pre-mixed Pouring Paint - Aqua, 8 oz. - 7219",4.35,https://plaidonline.com/shop-products/folkart-pre-mixed-pouring-paint-aqua-8-oz-7219,2022-11-09 23:25:36.329592+00:00,,
"FolkArt ® Pure™ Artist Pigment - Payne's Gray, 2 oz. - 7109",2.45,https://plaidonline.com/shop-products/folkart-pure-artist-pigment-payne-s-gray-2-oz-7109,2022-11-09 23:25:36.329592+00:00,,
"FolkArt ® Pure™ Artist Pigment - Raw Umber, 2 oz. - 7108",2.45,https://plaidonline.com/shop-products/folkart-pure-artist-pigment-raw-umber-2-oz-7108,2022-11-09 23:25:36.329592+00:00,,
"FolkArt ® Pure™ Artist Pigment - Ultramarine Blue, 2 oz. - 7104",2.45,https://plaidonline.com/shop-products/folkart-pure-artist-pigment-ultramarine-blue-2-oz-7104,2022-11-09 23:25:36.329592+00:00,,
"FolkArt ® Pure™ Artist Pigment - Yellow Ochre, 2 oz. - 6389",2.45,https://plaidonline.com/shop-products/folkart-pure-artist-pigment-yellow-ochre-2-oz-6389,2022-11-09 23:25:36.329592+00:00,,
"FolkArt ® Pure™ Artist Pigment - Yellow Light, 2 oz. - 6387",2.45,https://plaidonline.com/shop-products/folkart-pure-artist-pigment-yellow-light-2-oz-6387,2022-11-09 23:25:36.329592+00:00,,
"FolkArt ® Treasure Gold™ - Purple Topaz, 4 oz. - 5548",8.25,https://plaidonline.com/shop-products/folkart-treasure-gold-purple-topaz-4-oz-5548,2022-11-09 23:25:36.329592+00:00,,
"FolkArt ® Enamels™ - Licorice, 8 oz. - 7158",4.6,https://plaidonline.com/shop-products/folkart-enamels-licorice-8-oz-7158,2022-11-09 23:25:36.329592+00:00,,
"FolkArt ® Multi-Surface Satin Acrylic Paints - Patina, 16 oz. - 6379",6.5,https://plaidonline.com/shop-products/folkart-multi-surface-satin-acrylic-paints-patina-16-oz-6379,2022-11-09 23:25:36.329592+00:00,,
"FolkArt ® Acrylic Colors - Medium Gray, 16 oz. - 6372",6.15,https://plaidonline.com/shop-products/folkart-acrylic-colors-medium-gray-16-oz-6372,2022-11-09 23:25:36.329592+00:00,,
"FolkArt ® Acrylic Colors - Purple, 16 oz. - 6369",6.15,https://plaidonline.com/shop-products/folkart-acrylic-colors-purple-16-oz-6369,2022-11-09 23:25:36.329592+00:00,,
"Delta Ceramcoat ® Acrylic Paint - Purple, 16 oz. - 04158",6.4,https://plaidonline.com/shop-products/delta-ceramcoat-acrylic-paint-purple-16-oz-04158,2022-11-09 23:25:36.329592+00:00,,
"Delta Ceramcoat ® Acrylic Paint - Navy Blue, 16 oz. - 04157",6.4,https://plaidonline.com/shop-products/delta-ceramcoat-acrylic-paint-navy-blue-16-oz-04157,2022-11-09 23:25:36.329592+00:00,,
"Delta Ceramcoat ® Acrylic Paint - Christmas Green, 16 oz. - 04155",6.4,https://plaidonline.com/shop-products/delta-ceramcoat-acrylic-paint-christmas-green-16-oz-04155,2022-11-09 23:25:36.329592+00:00,,
"Plaid ® Engraving Pattern Sheets, 5 pc. - 17545E",4.5,https://plaidonline.com/shop-products/plaid-engraving-pattern-sheets-5-pc-17545e,2022-11-09 23:25:36.329592+00:00,,
"FolkArt ® Painting Tools - Stencil Tape, 3/4"" x 25 yds. - 50380",6.9,https://plaidonline.com/shop-products/folkart-painting-tools-stencil-tape-3-4-x-25-yds-50380,2022-11-09 23:25:36.329592+00:00,,
"Fabric Creations™ StarStruck Glitter™ Fabric Paint - Lemon Ice, 2 oz. - 44680",2.7,https://plaidonline.com/shop-products/fabric-creations-starstruck-glitter-fabric-paint-lemon-ice-2-oz-44680,2022-11-09 23:25:36.329592+00:00,,
"Fabric Creations™ StarStruck Glitter™ Fabric Paint - Mango Ice, 2 oz. - 44679",2.7,https://plaidonline.com/shop-products/fabric-creations-starstruck-glitter-fabric-paint-mango-ice-2-oz-44679,2022-11-09 23:25:36.329592+00:00,,
"Fabric Creations™ StarStruck Glitter™ Fabric Paint - Strawberry Ice, 2 oz...",2.7,https://plaidonline.com/shop-products/fabric-creations-starstruck-glitter-fabric-paint-strawberry-ice-2-oz-44678,2022-11-09 23:25:36.329592+00:00,,
"Fabric Creations™ Adhesive Stencils - Mini - Alphabet Sweets, 2-1/2"" x 3...",3.5,https://plaidonline.com/shop-products/fabric-creations-adhesive-stencils-mini-alphabet-sweets-2-1-2-x-3-27457,2022-11-09 23:25:36.329592+00:00,,
"FolkArt ® Multi-Surface Satin Acrylic Paints - Pueblo, 2 oz. - 2902E",1.99,https://plaidonline.com/shop-products/folkart-multi-surface-satin-acrylic-paints-pueblo-2-oz-2902e,2022-11-09 23:25:36.329592+00:00,,
FolkArt ® Laser Cut Adhesive Stencils - Wanderer - 39247,4.0,https://plaidonline.com/shop-products/folkart-laser-cut-adhesive-stencils-wanderer-39247,2022-11-09 23:25:36.329592+00:00,,
FolkArt ® Laser Cut Adhesive Stencils - Retro Camper - 39240,4.0,https://plaidonline.com/shop-products/folkart-laser-cut-adhesive-stencils-retro-camper-39240,2022-11-09 23:25:36.329592+00:00,,
"Apple Barrel ® Colors - Blueberry Frost, 2 oz. - 99264E",0.9,https://plaidonline.com/shop-products/apple-barrel-colors-blueberry-frost-2-oz-99264e,2022-11-09 23:25:36.329592+00:00,,
"FolkArt ® Extreme Glitter™ - Lemon Crush, 2 oz. - 99250",1.55,https://plaidonline.com/shop-products/folkart-extreme-glitter-lemon-crush-2-oz-99250,2022-11-09 23:25:36.329592+00:00,,
"FolkArt ® Extreme Glitter™ - Pink Pizzazz, 2 oz. - 99249",1.55,https://plaidonline.com/shop-products/folkart-extreme-glitter-pink-pizzazz-2-oz-99249,2022-11-09 23:25:36.329592+00:00,,
Plaid ® Wood Surfaces - Unpainted Layered Shapes - Family - 44983,0.6,https://plaidonline.com/shop-products/plaid-wood-surfaces-unpainted-layered-shapes-family-44983,2022-11-09 23:25:36.329592+00:00,,
Bucilla ® My 1st Stitch™ - Counted Cross Stitch Kits - Mini - Loving...,2.5,https://plaidonline.com/shop-products/bucilla-my-1st-stitch-counted-cross-stitch-kits-mini-loving-life-49175e,2022-11-09 23:25:36.329592+00:00,,
"FolkArt ® Extreme Glitter™ - Lime Twinkle, 2 oz. - 99251",1.55,https://plaidonline.com/shop-products/folkart-extreme-glitter-lime-twinkle-2-oz-99251,2022-11-09 23:25:36.329592+00:00,,
FolkArt ® Craft Stencils - Value Packs - Space - 71975,3.75,https://plaidonline.com/shop-products/folkart-craft-stencils-value-packs-space-71975,2022-11-09 23:25:36.329592+00:00,,
"Delta Ceramcoat ® Tool Set - Fine Tip / Spouncer Combo Set, 5 pc. - 04838",4.9,https://plaidonline.com/shop-products/delta-ceramcoat-tool-set-fine-tip-spouncer-combo-set-5-pc-04838,2022-11-09 23:25:36.329592+00:00,,
"FolkArt Home Decor Chalk - Grotto, 2 oz. - 6439",1.25,https://plaidonline.com/shop-products/folkart-home-decor-chalk-grotto-2-oz-6439,2022-11-09 23:25:36.329592+00:00,,
FolkArt ® Painting Stencils - Adhesive Laser - Rose - 63276,4.55,https://plaidonline.com/shop-products/folkart-painting-stencils-adhesive-laser-rose-63276,2022-11-09 23:25:36.329592+00:00,,
"FolkArt ® Brush Lettering Paint - Espresso, 1 oz. - 61117E",6.0,https://plaidonline.com/shop-products/folkart-brush-lettering-paint-espresso-1-oz-61117e,2022-11-09 23:25:36.329592+00:00,,
"FolkArt ® Brush Lettering Paint - Ebony, 1 oz. - 61116E",6.0,https://plaidonline.com/shop-products/folkart-brush-lettering-paint-ebony-1-oz-61116e,2022-11-09 23:25:36.329592+00:00,,
"FolkArt ® Brush Lettering Paint - Pure White, 1 oz. - 61115E",6.0,https://plaidonline.com/shop-products/folkart-brush-lettering-paint-pure-white-1-oz-61115e,2022-11-09 23:25:36.329592+00:00,,
Delta Ceramcoat ® Select Multi-Surface Acrylic Paint - Satin - Vibrant...,1.2,https://plaidonline.com/shop-products/delta-ceramcoat-select-multi-surface-acrylic-paint-satin-vibrant-violet-2-oz-04079,2022-11-09 23:25:36.329592+00:00,,
"FolkArt ® Acrylic Colors - Golden Glow, 2 oz. - 2426",1.15,https://plaidonline.com/shop-products/folkart-acrylic-colors-golden-glow-2-oz-2426,2022-11-09 23:25:36.329592+00:00,,
"FolkArt ® Watercolor Acrylic Paint™ - White, 2 oz. - 18132",1.5,https://plaidonline.com/shop-products/folkart-watercolor-acrylic-paint-white-2-oz-18132,2022-11-09 23:25:36.329592+00:00,,
"FolkArt ® Watercolor Acrylic Paint™ - Purple, 2 oz. - 18124",1.5,https://plaidonline.com/shop-products/folkart-watercolor-acrylic-paint-purple-2-oz-18124,2022-11-09 23:25:36.329592+00:00,,
"FolkArt ® Watercolor Acrylic Paint™ - Turquoise, 2 oz. - 18122",1.5,https://plaidonline.com/shop-products/folkart-watercolor-acrylic-paint-turquoise-2-oz-18122,2022-11-09 23:25:36.329592+00:00,,
"FolkArt ® Watercolor Acrylic Paint™ - Light Yellow, 2 oz. - 18116",1.5,https://plaidonline.com/shop-products/folkart-watercolor-acrylic-paint-light-yellow-2-oz-18116,2022-11-09 23:25:36.329592+00:00,,
Delta Ceramcoat ® Select Multi-Surface Acrylic Paint - Metallic - Silver...,1.4,https://plaidonline.com/shop-products/delta-ceramcoat-select-multi-surface-acrylic-paint-metallic-silver-2-oz-04112,2022-11-09 23:25:36.329592+00:00,,
"Fabric Creations™ Plush™ 3-D Fabric Paints - Licorice, 2 oz. - 26347",3.05,https://plaidonline.com/shop-products/fabric-creations-plush-3-d-fabric-paints-licorice-2-oz-26347,2022-11-09 23:25:36.329592+00:00,,
"Fabric Creations™ Plush™ 3-D Fabric Paints - Rootbeer, 2 oz. - 26344",3.05,https://plaidonline.com/shop-products/fabric-creations-plush-3-d-fabric-paints-rootbeer-2-oz-26344,2022-11-09 23:25:36.329592+00:00,,
"Fabric Creations™ Plush™ 3-D Fabric Paints - Grape Fizz, 2 oz. - 26342",3.05,https://plaidonline.com/shop-products/fabric-creations-plush-3-d-fabric-paints-grape-fizz-2-oz-26342,2022-11-09 23:25:36.329592+00:00,,
"Fabric Creations™ Plush™ 3-D Fabric Paints - Sugar Plum, 2 oz. - 26338",3.05,https://plaidonline.com/shop-products/fabric-creations-plush-3-d-fabric-paints-sugar-plum-2-oz-26338,2022-11-09 23:25:36.329592+00:00,,
"Fabric Creations™ Plush™ 3-D Fabric Paints - Indigo, 2 oz. - 26337",3.05,https://plaidonline.com/shop-products/fabric-creations-plush-3-d-fabric-paints-indigo-2-oz-26337,2022-11-09 23:25:36.329592+00:00,,
"Fabric Creations™ Plush™ 3-D Fabric Paints - Blue Raspberry, 2 oz. - 26336",3.05,https://plaidonline.com/shop-products/fabric-creations-plush-3-d-fabric-paints-blue-raspberry-2-oz-26336,2022-11-09 23:25:36.329592+00:00,,
"Fabric Creations™ Plush™ 3-D Fabric Paints - Watermelon Rind, 2 oz. - 26333",3.05,https://plaidonline.com/shop-products/fabric-creations-plush-3-d-fabric-paints-watermelon-rind-2-oz-26333,2022-11-09 23:25:36.329592+00:00,,
"Fabric Creations™ Plush™ 3-D Fabric Paints - Kiwi, 2 oz. - 26331",3.05,https://plaidonline.com/shop-products/fabric-creations-plush-3-d-fabric-paints-kiwi-2-oz-26331,2022-11-09 23:25:36.329592+00:00,,
"Fabric Creations™ Plush™ 3-D Fabric Paints - Lemonade, 2 oz. - 26330",3.05,https://plaidonline.com/shop-products/fabric-creations-plush-3-d-fabric-paints-lemonade-2-oz-26330,2022-11-09 23:25:36.329592+00:00,,
"Fabric Creations™ Plush™ 3-D Fabric Paints - Orange Juice, 2 oz. - 26329",3.05,https://plaidonline.com/shop-products/fabric-creations-plush-3-d-fabric-paints-orange-juice-2-oz-26329,2022-11-09 23:25:36.329592+00:00,,
"Fabric Creations™ Plush™ 3-D Fabric Paints - Wild Cherry, 2 oz. - 26325",3.05,https://plaidonline.com/shop-products/fabric-creations-plush-3-d-fabric-paints-wild-cherry-2-oz-26325,2022-11-09 23:25:36.329592+00:00,,
"Fabric Creations™ Plush™ 3-D Fabric Paints - Cotton Candy, 2 oz. - 26323",3.05,https://plaidonline.com/shop-products/fabric-creations-plush-3-d-fabric-paints-cotton-candy-2-oz-26323,2022-11-09 23:25:36.329592+00:00,,
"Fabric Creations™ Plush™ 3-D Fabric Paints - Cream Soda, 2 oz. - 26322",3.05,https://plaidonline.com/shop-products/fabric-creations-plush-3-d-fabric-paints-cream-soda-2-oz-26322,2022-11-09 23:25:36.329592+00:00,,
"Fabric Creations™ Plush™ 3-D Fabric Paints - White, 2 oz. - 26319",3.05,https://plaidonline.com/shop-products/fabric-creations-plush-3-d-fabric-paints-white-2-oz-26319,2022-11-09 23:25:36.329592+00:00,,
"Fabric Creations™ Fantasy Glitter™ Fabric Paint - Cosmos, 2 oz. - 26318",2.6,https://plaidonline.com/shop-products/fabric-creations-fantasy-glitter-fabric-paint-cosmos-2-oz-26318,2022-11-09 23:25:36.329592+00:00,,
"Fabric Creations™ Fantasy Glitter™ Fabric Paint - Starlight Silver, 2 oz...",2.6,https://plaidonline.com/shop-products/fabric-creations-fantasy-glitter-fabric-paint-starlight-silver-2-oz-26317,2022-11-09 23:25:36.329592+00:00,,
"Fabric Creations™ Fantasy Glitter™ Fabric Paint - Pirate's Gold, 2 oz...",2.6,https://plaidonline.com/shop-products/fabric-creations-fantasy-glitter-fabric-paint-pirate-s-gold-2-oz-26316,2022-11-09 23:25:36.329592+00:00,,
"Fabric Creations™ Fantasy Glitter™ Fabric Paint - Pulsar Purple, 2 oz. - 26312",2.6,https://plaidonline.com/shop-products/fabric-creations-fantasy-glitter-fabric-paint-pulsar-purple-2-oz-26312,2022-11-09 23:25:36.329592+00:00,,
"Fabric Creations™ Fantasy Glitter™ Fabric Paint - Galaxy Blue, 2 oz. - 26310",2.6,https://plaidonline.com/shop-products/fabric-creations-fantasy-glitter-fabric-paint-galaxy-blue-2-oz-26310,2022-11-09 23:25:36.329592+00:00,,
"Fabric Creations™ Fantasy Glitter™ Fabric Paint - Sea Serpent, 2 oz. - 26308",2.6,https://plaidonline.com/shop-products/fabric-creations-fantasy-glitter-fabric-paint-sea-serpent-2-oz-26308,2022-11-09 23:25:36.329592+00:00,,
"Fabric Creations™ Fantasy Glitter™ Fabric Paint - Mermaid's Tail, 2 oz. -...",2.6,https://plaidonline.com/shop-products/fabric-creations-fantasy-glitter-fabric-paint-mermaid-s-tail-2-oz-26307,2022-11-09 23:25:36.329592+00:00,,
"Fabric Creations™ Fantasy Glitter™ Fabric Paint - Dragon Skin, 2 oz. - 26306",2.6,https://plaidonline.com/shop-products/fabric-creations-fantasy-glitter-fabric-paint-dragon-skin-2-oz-26306,2022-11-09 23:25:36.329592+00:00,,
"Fabric Creations™ Fantasy Glitter™ Fabric Paint - Impish Orange, 2 oz. - 26305",2.6,https://plaidonline.com/shop-products/fabric-creations-fantasy-glitter-fabric-paint-impish-orange-2-oz-26305,2022-11-09 23:25:36.329592+00:00,,
"Fabric Creations™ Fantasy Glitter™ Fabric Paint - Fireball, 2 oz. - 26301",2.6,https://plaidonline.com/shop-products/fabric-creations-fantasy-glitter-fabric-paint-fireball-2-oz-26301,2022-11-09 23:25:36.329592+00:00,,
"Fabric Creations™ Fantasy Glitter™ Fabric Paint - Unicorn, 2 oz. - 26297",2.6,https://plaidonline.com/shop-products/fabric-creations-fantasy-glitter-fabric-paint-unicorn-2-oz-26297,2022-11-09 23:25:36.329592+00:00,,
"FolkArt ® Marbling Paint - Green, 2 oz. - 16931",2.0,https://plaidonline.com/shop-products/folkart-marbling-paint-green-2-oz-16931,2022-11-09 23:25:36.329592+00:00,,
"FolkArt ® Multi-Surface Satin Acrylic Paints - Lavender, 8 oz. - 4782",3.5,https://plaidonline.com/shop-products/folkart-multi-surface-satin-acrylic-paints-lavender-8-oz-4782,2022-11-09 23:25:36.329592+00:00,,
"FolkArt ® Ultra Dye™ Colors - Pucker Up, 2 oz. - 3901",1.5,https://plaidonline.com/shop-products/folkart-ultra-dye-colors-pucker-up-2-oz-3901,2022-11-09 23:25:36.329592+00:00,,
"FolkArt ® Stencil Value Packs - Holiday, 12"" x 12"" - 6097",13.99,https://plaidonline.com/shop-products/folkart-stencil-value-packs-holiday-12-x-12-6097,2022-11-09 23:25:36.329592+00:00,,
"FolkArt ® Outdoor™ Acrylic Colors - Peppery, 2 oz. - 6487",1.2,https://plaidonline.com/shop-products/folkart-outdoor-acrylic-colors-peppery-2-oz-6487,2022-11-09 23:25:36.329592+00:00,,
"FolkArt ® Acrylic Colors - Iced Coffee, 2 oz. - 6462",1.15,https://plaidonline.com/shop-products/folkart-acrylic-colors-iced-coffee-2-oz-6462,2022-11-09 23:25:36.329592+00:00,,
"FolkArt ® Enamels™ - Crushed Coral, 2 oz. - 4466",1.55,https://plaidonline.com/shop-products/folkart-enamels-crushed-coral-2-oz-4466,2022-11-09 23:25:36.329592+00:00,,
"FolkArt ® 3D™ Acrylic Paint - Violet, 2 oz. - 6414",2.3,https://plaidonline.com/shop-products/folkart-3d-acrylic-paint-violet-2-oz-6414,2022-11-09 23:25:36.329592+00:00,,
"FolkArt ® Stencil Spray™ Acrylic Paint - Brown, 2 oz. - 6195",2.9,https://plaidonline.com/shop-products/folkart-stencil-spray-acrylic-paint-brown-2-oz-6195,2022-11-09 23:25:36.329592+00:00,,
"FolkArt ® Stencil Spray™ Acrylic Paint - Purple, 2 oz. - 6194",2.9,https://plaidonline.com/shop-products/folkart-stencil-spray-acrylic-paint-purple-2-oz-6194,2022-11-09 23:25:36.329592+00:00,,
"FolkArt ® Stencil Spray™ Acrylic Paint - Bright Blue, 2 oz. - 6191",2.9,https://plaidonline.com/shop-products/folkart-stencil-spray-acrylic-paint-bright-blue-2-oz-6191,2022-11-09 23:25:36.329592+00:00,,
"FolkArt ® Stencil Spray™ Acrylic Paint - Bright Red, 2 oz. - 6186",2.9,https://plaidonline.com/shop-products/folkart-stencil-spray-acrylic-paint-bright-red-2-oz-6186,2022-11-09 23:25:36.329592+00:00,,
"FolkArt ® Stencil Spray™ Acrylic Paint - Yellow, 2 oz. - 6182",2.9,https://plaidonline.com/shop-products/folkart-stencil-spray-acrylic-paint-yellow-2-oz-6182,2022-11-09 23:25:36.329592+00:00,,
"FolkArt ® Color Shift™ Acrylic Paint - Yellow Flash, 4 oz. - 5197",5.95,https://plaidonline.com/shop-products/folkart-color-shift-acrylic-paint-yellow-flash-4-oz-5197,2022-11-09 23:25:36.329592+00:00,,
"FolkArt ® Color Shift™ Acrylic Paint - Pink Flash, 4 oz. - 5188",5.95,https://plaidonline.com/shop-products/folkart-color-shift-acrylic-paint-pink-flash-4-oz-5188,2022-11-09 23:25:36.329592+00:00,,
"FolkArt ® Color Shift™ Acrylic Paint - Red Flash, 4 oz. - 5186",5.95,https://plaidonline.com/shop-products/folkart-color-shift-acrylic-paint-red-flash-4-oz-5186,2022-11-09 23:25:36.329592+00:00,,
FolkArt ® Painting Stencils - Mini - Fairy ABC - 60956,1.6,https://plaidonline.com/shop-products/folkart-painting-stencils-mini-fairy-abc-60956,2022-11-09 23:25:36.329592+00:00,,
FolkArt ® Painting Stencils - Mini - Alphabet - 59790,1.6,https://plaidonline.com/shop-products/folkart-painting-stencils-mini-alphabet-59790,2022-11-09 23:25:36.329592+00:00,,
"FolkArt ® Brushed Metal™ Acrylic Paint - Rose Gold, 2 oz. - 5124",1.85,https://plaidonline.com/shop-products/folkart-brushed-metal-acrylic-paint-rose-gold-2-oz-5124,2022-11-09 23:25:36.329592+00:00,,
"FolkArt ® Brushed Metal™ Acrylic Paint - Copper, 2 oz. - 5125",1.85,https://plaidonline.com/shop-products/folkart-brushed-metal-acrylic-paint-copper-2-oz-5125,2022-11-09 23:25:36.329592+00:00,,
"FolkArt ® Brushed Metal™ Acrylic Paint - Pearl Gold, 2 oz. - 5120",1.85,https://plaidonline.com/shop-products/folkart-brushed-metal-acrylic-paint-pearl-gold-2-oz-5120,2022-11-09 23:25:36.329592+00:00,,
"FolkArt ® Stencil Value Packs - Inspiration, 7"" x 10"" - 31063E",2.0,https://plaidonline.com/products/folkart-stencil-value-packs-inspiration-7-x-10-310,2022-11-09 23:25:36.329592+00:00,,
"FolkArt ® Painted Finishes - Light Moss, 4 oz. - 5104",4.55,https://plaidonline.com/products/folkart-painted-finishes-light-moss-4-oz-5104,2022-11-09 23:25:36.329592+00:00,,
"FolkArt ® Painted Finishes - Dark Rust, 4 oz. - 5103",4.55,https://plaidonline.com/products/folkart-painted-finishes-dark-rust-4-oz-5103,2022-11-09 23:25:36.329592+00:00,,
"FolkArt ® Chalkboard Multi-Surface Paint - Black, 4 oz. - WM2562E",6.99,https://plaidonline.com/products/folkart-chalkboard-multi-surface-paint-black-4-oz,2022-11-09 23:25:36.329592+00:00,,
"Delta Ceramcoat ® Select Multi-Surface Acrylic Paint - Satin - Charcoal,...",1.2,https://plaidonline.com/products/delta-ceramcoat-select-multi-surface-acrylic-(16),2022-11-09 23:25:36.329592+00:00,,
Delta Ceramcoat ® Select Multi-Surface Acrylic Paint - Satin - Classic...,1.2,https://plaidonline.com/products/delta-ceramcoat-select-multi-surface-acrylic-(19),2022-11-09 23:25:36.329592+00:00,,
"Delta Ceramcoat ® Select Multi-Surface Acrylic Paint - Satin - Gecko, 2...",1.2,https://plaidonline.com/products/delta-ceramcoat-select-multi-surface-acrylic-(14),2022-11-09 23:25:36.329592+00:00,,
"Delta Ceramcoat ® Select Multi-Surface Acrylic Paint - Satin - Barn Red,...",1.2,https://plaidonline.com/products/delta-ceramcoat-select-multi-surface-acrylic-p-(6),2022-11-09 23:25:36.329592+00:00,,
"Delta Ceramcoat ® Select Multi-Surface Acrylic Paint - Satin - Fire Red,...",1.2,https://plaidonline.com/products/delta-ceramcoat-select-multi-surface-acrylic-p-(5),2022-11-09 23:25:36.329592+00:00,,
"Delta Ceramcoat ® Select Multi-Surface Acrylic Paint - Satin - Ivory, 2...",1.2,https://plaidonline.com/products/delta-ceramcoat-select-multi-surface-acrylic-p-(1),2022-11-09 23:25:36.329592+00:00,,
"Delta Ceramcoat ® Select Multi-Surface Acrylic Paint - Satin - Black, 2...",1.2,https://plaidonline.com/products/delta-ceramcoat-select-multi-surface-acrylic-(10),2022-11-09 23:25:36.329592+00:00,,
Delta Ceramcoat ® Select Multi-Surface Acrylic Paint - Satin - Navy Blue...,1.2,https://plaidonline.com/products/delta-ceramcoat-select-multi-surface-acrylic-(26),2022-11-09 23:25:36.329592+00:00,,
Delta Ceramcoat ® Select Multi-Surface Acrylic Paint - Satin - Seafoam...,1.2,https://plaidonline.com/products/delta-ceramcoat-select-multi-surface-acrylic-(21),2022-11-09 23:25:36.329592+00:00,,
Delta Ceramcoat ® Select Multi-Surface Acrylic Paint - Satin - Evergreen...,1.2,https://plaidonline.com/products/delta-ceramcoat-select-multi-surface-acrylic-(18),2022-11-09 23:25:36.329592+00:00,,
"Delta Ceramcoat ® Select Multi-Surface Acrylic Paint - Satin - Sunset, 2...",1.2,https://plaidonline.com/products/delta-ceramcoat-select-multi-surface-acrylic-(11),2022-11-09 23:25:36.329592+00:00,,
Delta Ceramcoat ® Select Multi-Surface Acrylic Paint - Satin - Passion...,1.2,https://plaidonline.com/products/delta-ceramcoat-select-multi-surface-acrylic-p-(4),2022-11-09 23:25:36.329592+00:00,,
"Delta Ceramcoat ® Select Multi-Surface Acrylic Paint - Satin - White, 2...",1.2,https://plaidonline.com/products/delta-ceramcoat-select-multi-surface-acrylic-(33),2022-11-09 23:25:36.329592+00:00,,
"FolkArt ® Glow-in-the-Dark Acrylic Colors - Pink, 2 oz. - 2871",1.55,https://plaidonline.com/products/folkart-glow-in-the-dark-acrylic-colors-pink-2-oz,2022-11-09 23:25:36.329592+00:00,,
"FolkArt ® Extreme Glitter™ - Jellybean Pink, 2 oz. - 2875",1.55,https://plaidonline.com/products/folkart-extreme-glitter-jellybean-pink-2-oz-2875,2022-11-09 23:25:36.329592+00:00,,
Plaid ® Peel & Stick Stencils - Old School - 30818,1.65,https://plaidonline.com/products/plaid-peel-stick-stencils-old-school-30818,2022-11-09 23:25:36.329592+00:00,,
FolkArt ® Painting Stencils - Wildflowers & Butterflies - 30730,3.5,https://plaidonline.com/products/folkart-painting-stencils-wildflowers-butterflies,2022-11-09 23:25:36.329592+00:00,,
"Apple Barrel ® Colors - China Blue, 2 oz. - 21483",0.9,https://plaidonline.com/products/apple-barrel-colors-china-blue-2-oz-21483,2022-11-09 23:25:36.329592+00:00,,
"Apple Barrel ® Colors - Ripe Tomato, 2 oz. - 21470",0.85,https://plaidonline.com/products/apple-barrel-colors-ripe-tomato-2-oz-21470,2022-11-09 23:25:36.329592+00:00,,
"Apple Barrel ® Colors - Honeysuckle Pink, 2 oz. - 21466",0.85,https://plaidonline.com/products/apple-barrel-colors-honeysuckle-pink-2-oz-21466,2022-11-09 23:25:36.329592+00:00,,
"FolkArt ® Extreme Glitter™ - Royal Blue, 2 oz. - 2857",1.55,https://plaidonline.com/products/folkart-extreme-glitter-royal-blue-2-oz-2857,2022-11-09 23:25:36.329592+00:00,,
"FolkArt ® Extreme Glitter™ - Champagne, 2 oz. - 2836",1.55,https://plaidonline.com/products/folkart-extreme-glitter-champagne-2-oz-2836,2022-11-09 23:25:36.329592+00:00,,
"Apple Barrel ® Colors - Limeade, 2 oz. - 20253",0.99,https://plaidonline.com/products/apple-barrel-colors-limeade-2-oz-20253,2022-11-09 23:25:36.329592+00:00,,
Plaid ® Wood Surfaces - Plaques - Corner - 96290,1.2,https://plaidonline.com/products/plaid-wood-surfaces-plaques-corner-96290,2022-11-09 23:25:36.329592+00:00,,
"FolkArt ® Extreme Glitter™ - Turquoise, 2 oz. - 2790",1.55,https://plaidonline.com/products/folkart-extreme-glitter-turquoise-2-oz-2790,2022-11-09 23:25:36.329592+00:00,,
"FolkArt ® Extreme Glitter™ - Purple, 2 oz. - 2791",1.55,https://plaidonline.com/products/folkart-extreme-glitter-purple-2-oz-2791,2022-11-09 23:25:36.329592+00:00,,
"FolkArt ® Enamels™ - Forest Moss, 2 oz. - 4121",1.55,https://plaidonline.com/products/folkart-enamels-forest-moss-2-oz-4121,2022-11-09 23:25:36.329592+00:00,,
Fashion ® Dimensional Fabric Paint  - Sparkle - Apricot - 25353,1.05,https://plaidonline.com/products/fashion-dimensional-fabric-paint-sparkle-apricot-2,2022-11-09 23:25:36.329592+00:00,,
Fashion ® Dimensional Fabric Paint  - Shiny - Magenta - 25315,1.05,https://plaidonline.com/products/fashion-dimensional-fabric-paint-shiny-magenta-253,2022-11-09 23:25:36.329592+00:00,,
Fashion ® Dimensional Fabric Paint  - Shiny - Bright Orange - 25305,1.05,https://plaidonline.com/products/fashion-dimensional-fabric-paint-shiny-bright-oran,2022-11-09 23:25:36.329592+00:00,,
Fashion ® Dimensional Fabric Paint  - Pearl - Deep Purple - 25218,1.05,https://plaidonline.com/products/fashion-dimensional-fabric-paint-pearl-deep-purple,2022-11-09 23:25:36.329592+00:00,,
"FolkArt ® Enamels™ - Sunflower, 2 oz. - 4018",1.55,https://plaidonline.com/products/folkart-enamels-sunflower-2-oz-4018,2022-11-09 23:25:36.329592+00:00,,
"FolkArt ® Acrylic Colors - Kelly Green, 2 oz. - 407",1.15,https://plaidonline.com/products/folkart-acrylic-colors-kelly-green-2-oz-407,2022-11-09 23:25:36.329592+00:00,,
"FolkArt ® Acrylic Colors - Napthol Crimson, 2 oz. - 435",1.15,https://plaidonline.com/products/folkart-acrylic-colors-napthol-crimson-2-oz-435,2022-11-09 23:25:36.329592+00:00,,
"Apple Barrel ® Gloss™ - Mossy Green, 2 oz. - 20648",1.05,https://plaidonline.com/products/apple-barrel-gloss-mossy-green-2-oz-20648,2022-11-09 23:25:36.329592+00:00,,
"Gallery Glass ® Liquid Leading™ - Black, 4 oz. - 16076",2.4,https://plaidonline.com/products/gallery-glass-liquid-leading-black-4-oz-16076,2022-11-09 23:25:36.329592+00:00,,
"FolkArt ® Finishes - Clearcote™ Aerosol Acrylic Sealer - Matte, 6 oz. - 788",3.7,https://plaidonline.com/products/folkart-finishes-clearcote-aerosol-acrylic-sealer,2022-11-09 23:25:36.329592+00:00,,
"FolkArt ® Acrylic Colors - Baby Pink, 8 oz. - 821",3.2,https://plaidonline.com/products/folkart-acrylic-colors-baby-pink-8-oz-821,2022-11-09 23:25:36.329592+00:00,,
"FolkArt ® Acrylic Colors - French Blue, 8 oz. - 874",3.2,https://plaidonline.com/products/folkart-acrylic-colors-french-blue-8-oz-874,2022-11-09 23:25:36.329592+00:00,,
"FolkArt ® Acrylic Colors - Purple, 8 oz. - 878",3.2,https://plaidonline.com/products/folkart-acrylic-colors-purple-8-oz-878,2022-11-09 23:25:36.329592+00:00,,
"FolkArt ® Gilding Adhesive, 2 oz. - 36344",3.55,https://plaidonline.com/shop-products/folkart-gilding-adhesive-2-oz-36344,2022-11-09 23:26:30.936593+00:00,,
"FolkArt ® Glitterific™ Polka Dot Acrylic Paint - Mint, 2 oz. - 7193",3.1,https://plaidonline.com/shop-products/folkart-glitterific-polka-dot-acrylic-paint-mint-2-oz-7193,2022-11-09 23:26:30.936593+00:00,,
"FolkArt ® Glitterific™ Polka Dot Acrylic Paint - Lavender, 2 oz. - 7192",3.1,https://plaidonline.com/shop-products/folkart-glitterific-polka-dot-acrylic-paint-lavender-2-oz-7192,2022-11-09 23:26:30.936593+00:00,,
"FolkArt ® Glitterific™ Icons Acrylic Paint - Blue Stars, 2 oz. - 7168",3.1,https://plaidonline.com/shop-products/folkart-glitterific-icons-acrylic-paint-blue-stars-2-oz-7168,2022-11-09 23:26:30.936593+00:00,,
